file	merge	types	tokens	TTR	entropy	redundancy
aey-x-bible.txt.clean.txt	6000	2817	30023	0.09382806515005163	9.274909419363066	0.19066711477139664
aey-x-bible.txt.clean.txt	7000	2817	30023	0.09382806515005163	9.274909419363066	0.19066711477139664
aey-x-bible.txt.clean.txt	8000	2817	30023	0.09382806515005163	9.274909419363066	0.19066711477139664
aey-x-bible.txt.clean.txt	9000	2817	30023	0.09382806515005163	9.274909419363066	0.19066711477139664
aey-x-bible.txt.clean.txt	10000	2817	30023	0.09382806515005163	9.274909419363066	0.19066711477139664
