file	merge	types	tokens	TTR	entropy	redundancy
amp-x-bible.txt.clean.txt	6000	4222	35110	0.12025064084306465	10.09217532169609	0.1620377277231232
amp-x-bible.txt.clean.txt	7000	4222	35110	0.12025064084306465	10.09217532169609	0.1620377277231232
amp-x-bible.txt.clean.txt	8000	4222	35110	0.12025064084306465	10.09217532169609	0.1620377277231232
amp-x-bible.txt.clean.txt	9000	4222	35110	0.12025064084306465	10.09217532169609	0.1620377277231232
amp-x-bible.txt.clean.txt	10000	4222	35110	0.12025064084306465	10.09217532169609	0.1620377277231232
