file	merge	types	tokens	TTR	entropy	redundancy
ape-x-bible.txt.clean.txt	6000	3487	39745	0.087734306202038	9.196135062691468	0.21853209608164526
ape-x-bible.txt.clean.txt	7000	3487	39745	0.087734306202038	9.196135062691468	0.21853209608164526
ape-x-bible.txt.clean.txt	8000	3487	39745	0.087734306202038	9.196135062691468	0.21853209608164526
ape-x-bible.txt.clean.txt	9000	3487	39745	0.087734306202038	9.196135062691468	0.21853209608164526
ape-x-bible.txt.clean.txt	10000	3487	39745	0.087734306202038	9.196135062691468	0.21853209608164526
