file	merge	types	tokens	TTR	entropy	redundancy
apu-x-bible.txt.clean.txt	6000	3306	25254	0.13090995485863627	9.791225399104112	0.1624896561324043
apu-x-bible.txt.clean.txt	7000	3306	25254	0.13090995485863627	9.791225399104112	0.1624896561324043
apu-x-bible.txt.clean.txt	8000	3306	25254	0.13090995485863627	9.791225399104112	0.1624896561324043
apu-x-bible.txt.clean.txt	9000	3306	25254	0.13090995485863627	9.791225399104112	0.1624896561324043
apu-x-bible.txt.clean.txt	10000	3306	25254	0.13090995485863627	9.791225399104112	0.1624896561324043
