file	merge	types	tokens	TTR	entropy	redundancy
arn-x-bible.txt.clean.txt	6000	2698	30749	0.08774269081921364	8.682361526670757	0.23823395505852707
arn-x-bible.txt.clean.txt	7000	2698	30749	0.08774269081921364	8.682361526670757	0.23823395505852707
arn-x-bible.txt.clean.txt	8000	2698	30749	0.08774269081921364	8.682361526670757	0.23823395505852707
arn-x-bible.txt.clean.txt	9000	2698	30749	0.08774269081921364	8.682361526670757	0.23823395505852707
arn-x-bible.txt.clean.txt	10000	2698	30749	0.08774269081921364	8.682361526670757	0.23823395505852707
