file	merge	types	tokens	TTR	entropy	redundancy
arz-x-bible.txt.clean.txt	6000	4112	20889	0.19685001675523003	10.851441450564089	0.096136864342246
arz-x-bible.txt.clean.txt	7000	4112	20889	0.19685001675523003	10.851441450564089	0.096136864342246
arz-x-bible.txt.clean.txt	8000	4112	20889	0.19685001675523003	10.851441450564089	0.096136864342246
arz-x-bible.txt.clean.txt	9000	4112	20889	0.19685001675523003	10.851441450564089	0.096136864342246
arz-x-bible.txt.clean.txt	10000	4112	20889	0.19685001675523003	10.851441450564089	0.096136864342246
