file	merge	types	tokens	TTR	entropy	redundancy
bsn-x-bible.txt.clean.txt	6000	3617	37266	0.09705898137712661	9.130727198982608	0.22755661443760367
bsn-x-bible.txt.clean.txt	7000	3617	37266	0.09705898137712661	9.130727198982608	0.22755661443760367
bsn-x-bible.txt.clean.txt	8000	3617	37266	0.09705898137712661	9.130727198982608	0.22755661443760367
bsn-x-bible.txt.clean.txt	9000	3617	37266	0.09705898137712661	9.130727198982608	0.22755661443760367
bsn-x-bible.txt.clean.txt	10000	3617	37266	0.09705898137712661	9.130727198982608	0.22755661443760367
