file	merge	types	tokens	TTR	entropy	redundancy
cha-x-bible-2003.txt.clean.txt	6000	2826	27897	0.10130121518442843	8.850395974695545	0.22802035358114825
cha-x-bible-2003.txt.clean.txt	7000	2826	27897	0.10130121518442843	8.850395974695545	0.22802035358114825
cha-x-bible-2003.txt.clean.txt	8000	2826	27897	0.10130121518442843	8.850395974695545	0.22802035358114825
cha-x-bible-2003.txt.clean.txt	9000	2826	27897	0.10130121518442843	8.850395974695545	0.22802035358114825
cha-x-bible-2003.txt.clean.txt	10000	2826	27897	0.10130121518442843	8.850395974695545	0.22802035358114825
