file	merge	types	tokens	TTR	entropy	redundancy
deu-x-bible-neue.txt.clean.txt	6000	2894	27363	0.1057632569528195	9.423723323650835	0.18046378777644556
deu-x-bible-neue.txt.clean.txt	7000	2894	27363	0.1057632569528195	9.423723323650835	0.18046378777644556
deu-x-bible-neue.txt.clean.txt	8000	2894	27363	0.1057632569528195	9.423723323650835	0.18046378777644556
deu-x-bible-neue.txt.clean.txt	9000	2894	27363	0.1057632569528195	9.423723323650835	0.18046378777644556
deu-x-bible-neue.txt.clean.txt	10000	2894	27363	0.1057632569528195	9.423723323650835	0.18046378777644556
