file	merge	types	tokens	TTR	entropy	redundancy
dgz-x-bible.txt.clean.txt	6000	2269	30946	0.07332126930782654	9.099528847096032	0.18374069616825572
dgz-x-bible.txt.clean.txt	7000	2269	30946	0.07332126930782654	9.099528847096032	0.18374069616825572
dgz-x-bible.txt.clean.txt	8000	2269	30946	0.07332126930782654	9.099528847096032	0.18374069616825572
dgz-x-bible.txt.clean.txt	9000	2269	30946	0.07332126930782654	9.099528847096032	0.18374069616825572
dgz-x-bible.txt.clean.txt	10000	2269	30946	0.07332126930782654	9.099528847096032	0.18374069616825572
