file	merge	types	tokens	TTR	entropy	redundancy
ell-x-bible-modern2009.txt.clean.txt	6000	3180	26005	0.12228417611997693	9.387856214982916	0.19312344871777176
ell-x-bible-modern2009.txt.clean.txt	7000	3180	26005	0.12228417611997693	9.387856214982916	0.19312344871777176
ell-x-bible-modern2009.txt.clean.txt	8000	3180	26005	0.12228417611997693	9.387856214982916	0.19312344871777176
ell-x-bible-modern2009.txt.clean.txt	9000	3180	26005	0.12228417611997693	9.387856214982916	0.19312344871777176
ell-x-bible-modern2009.txt.clean.txt	10000	3180	26005	0.12228417611997693	9.387856214982916	0.19312344871777176
