file	merge	types	tokens	TTR	entropy	redundancy
fij-x-bible-1974.txt.clean.txt	6000	1411	33596	0.04199904750565543	7.259164733044718	0.30617317502931674
fij-x-bible-1974.txt.clean.txt	7000	1411	33596	0.04199904750565543	7.259164733044718	0.30617317502931674
fij-x-bible-1974.txt.clean.txt	8000	1411	33596	0.04199904750565543	7.259164733044718	0.30617317502931674
fij-x-bible-1974.txt.clean.txt	9000	1411	33596	0.04199904750565543	7.259164733044718	0.30617317502931674
fij-x-bible-1974.txt.clean.txt	10000	1411	33596	0.04199904750565543	7.259164733044718	0.30617317502931674
