file	merge	types	tokens	TTR	entropy	redundancy
fin-x-bible-1992.txt.clean.txt	6000	3897	22483	0.17333096117066227	10.48489518969468	0.12099556446808535
fin-x-bible-1992.txt.clean.txt	7000	3897	22483	0.17333096117066227	10.48489518969468	0.12099556446808535
fin-x-bible-1992.txt.clean.txt	8000	3897	22483	0.17333096117066227	10.48489518969468	0.12099556446808535
fin-x-bible-1992.txt.clean.txt	9000	3897	22483	0.17333096117066227	10.48489518969468	0.12099556446808535
fin-x-bible-1992.txt.clean.txt	10000	3897	22483	0.17333096117066227	10.48489518969468	0.12099556446808535
