file	merge	types	tokens	TTR	entropy	redundancy
fra-x-bible-perret.txt.clean.txt	6000	2983	28278	0.10548836551382701	9.169869790025878	0.20555932870141713
fra-x-bible-perret.txt.clean.txt	7000	2983	28278	0.10548836551382701	9.169869790025878	0.20555932870141713
fra-x-bible-perret.txt.clean.txt	8000	2983	28278	0.10548836551382701	9.169869790025878	0.20555932870141713
fra-x-bible-perret.txt.clean.txt	9000	2983	28278	0.10548836551382701	9.169869790025878	0.20555932870141713
fra-x-bible-perret.txt.clean.txt	10000	2983	28278	0.10548836551382701	9.169869790025878	0.20555932870141713
