file	merge	types	tokens	TTR	entropy	redundancy
gug-x-bible.txt.clean.txt	6000	2962	23209	0.12762290490757897	9.552146052437184	0.17170904936339493
gug-x-bible.txt.clean.txt	7000	2962	23209	0.12762290490757897	9.552146052437184	0.17170904936339493
gug-x-bible.txt.clean.txt	8000	2962	23209	0.12762290490757897	9.552146052437184	0.17170904936339493
gug-x-bible.txt.clean.txt	9000	2962	23209	0.12762290490757897	9.552146052437184	0.17170904936339493
gug-x-bible.txt.clean.txt	10000	2962	23209	0.12762290490757897	9.552146052437184	0.17170904936339493
