file	merge	types	tokens	TTR	entropy	redundancy
hau-x-bible.txt.clean.txt	6000	2062	26259	0.07852545793823071	8.545678128727584	0.22381370085573404
hau-x-bible.txt.clean.txt	7000	2062	26259	0.07852545793823071	8.545678128727584	0.22381370085573404
hau-x-bible.txt.clean.txt	8000	2062	26259	0.07852545793823071	8.545678128727584	0.22381370085573404
hau-x-bible.txt.clean.txt	9000	2062	26259	0.07852545793823071	8.545678128727584	0.22381370085573404
hau-x-bible.txt.clean.txt	10000	2062	26259	0.07852545793823071	8.545678128727584	0.22381370085573404
