file	merge	types	tokens	TTR	entropy	redundancy
hin-x-bible-bsi.txt.clean.txt	6000	2170	29334	0.07397559146383037	8.699520102608535	0.21509123212279269
hin-x-bible-bsi.txt.clean.txt	7000	2170	29334	0.07397559146383037	8.699520102608535	0.21509123212279269
hin-x-bible-bsi.txt.clean.txt	8000	2170	29334	0.07397559146383037	8.699520102608535	0.21509123212279269
hin-x-bible-bsi.txt.clean.txt	9000	2170	29334	0.07397559146383037	8.699520102608535	0.21509123212279269
hin-x-bible-bsi.txt.clean.txt	10000	2170	29334	0.07397559146383037	8.699520102608535	0.21509123212279269
