file	merge	types	tokens	TTR	entropy	redundancy
ind-x-bible-suciinjil.txt.clean.txt	6000	2661	26152	0.10175130009177119	9.182080650403412	0.1929794208202007
ind-x-bible-suciinjil.txt.clean.txt	7000	2661	26152	0.10175130009177119	9.182080650403412	0.1929794208202007
ind-x-bible-suciinjil.txt.clean.txt	8000	2661	26152	0.10175130009177119	9.182080650403412	0.1929794208202007
ind-x-bible-suciinjil.txt.clean.txt	9000	2661	26152	0.10175130009177119	9.182080650403412	0.1929794208202007
ind-x-bible-suciinjil.txt.clean.txt	10000	2661	26152	0.10175130009177119	9.182080650403412	0.1929794208202007
