file	merge	types	tokens	TTR	entropy	redundancy
jac-x-bible.txt.clean.txt	6000	2793	34146	0.08179581795817958	8.665095442444823	0.24306443711190395
jac-x-bible.txt.clean.txt	7000	2793	34146	0.08179581795817958	8.665095442444823	0.24306443711190395
jac-x-bible.txt.clean.txt	8000	2793	34146	0.08179581795817958	8.665095442444823	0.24306443711190395
jac-x-bible.txt.clean.txt	9000	2793	34146	0.08179581795817958	8.665095442444823	0.24306443711190395
jac-x-bible.txt.clean.txt	10000	2793	34146	0.08179581795817958	8.665095442444823	0.24306443711190395
