file	merge	types	tokens	TTR	entropy	redundancy
kal-x-bible.txt.clean.txt	6000	4425	18534	0.2387504046617028	11.407447227424099	0.0581279557790102
kal-x-bible.txt.clean.txt	7000	4425	18534	0.2387504046617028	11.407447227424099	0.0581279557790102
kal-x-bible.txt.clean.txt	8000	4425	18534	0.2387504046617028	11.407447227424099	0.0581279557790102
kal-x-bible.txt.clean.txt	9000	4425	18534	0.2387504046617028	11.407447227424099	0.0581279557790102
kal-x-bible.txt.clean.txt	10000	4425	18534	0.2387504046617028	11.407447227424099	0.0581279557790102
