file	merge	types	tokens	TTR	entropy	redundancy
kat-x-bible.txt.clean.txt	6000	3574	22463	0.1591060855629257	9.78800859118497	0.17074133876859465
kat-x-bible.txt.clean.txt	7000	3574	22463	0.1591060855629257	9.78800859118497	0.17074133876859465
kat-x-bible.txt.clean.txt	8000	3574	22463	0.1591060855629257	9.78800859118497	0.17074133876859465
kat-x-bible.txt.clean.txt	9000	3574	22463	0.1591060855629257	9.78800859118497	0.17074133876859465
kat-x-bible.txt.clean.txt	10000	3574	22463	0.1591060855629257	9.78800859118497	0.17074133876859465
