file	merge	types	tokens	TTR	entropy	redundancy
kew-x-bible.txt.clean.txt	6000	2343	30208	0.07756223516949153	9.161910273851479	0.18154415972136217
kew-x-bible.txt.clean.txt	7000	2343	30208	0.07756223516949153	9.161910273851479	0.18154415972136217
kew-x-bible.txt.clean.txt	8000	2343	30208	0.07756223516949153	9.161910273851479	0.18154415972136217
kew-x-bible.txt.clean.txt	9000	2343	30208	0.07756223516949153	9.161910273851479	0.18154415972136217
kew-x-bible.txt.clean.txt	10000	2343	30208	0.07756223516949153	9.161910273851479	0.18154415972136217
