file	merge	types	tokens	TTR	entropy	redundancy
khk-x-bible.txt.clean.txt	6000	3394	23520	0.14430272108843537	10.239220736676035	0.12699967728713102
khk-x-bible.txt.clean.txt	7000	3394	23520	0.14430272108843537	10.239220736676035	0.12699967728713102
khk-x-bible.txt.clean.txt	8000	3394	23520	0.14430272108843537	10.239220736676035	0.12699967728713102
khk-x-bible.txt.clean.txt	9000	3394	23520	0.14430272108843537	10.239220736676035	0.12699967728713102
khk-x-bible.txt.clean.txt	10000	3394	23520	0.14430272108843537	10.239220736676035	0.12699967728713102
