file	merge	types	tokens	TTR	entropy	redundancy
kor-x-bible-revised.txt.clean.txt	6000	3638	19283	0.18866358969040087	10.784926076124622	0.08825851253985673
kor-x-bible-revised.txt.clean.txt	7000	3638	19283	0.18866358969040087	10.784926076124622	0.08825851253985673
kor-x-bible-revised.txt.clean.txt	8000	3638	19283	0.18866358969040087	10.784926076124622	0.08825851253985673
kor-x-bible-revised.txt.clean.txt	9000	3638	19283	0.18866358969040087	10.784926076124622	0.08825851253985673
kor-x-bible-revised.txt.clean.txt	10000	3638	19283	0.18866358969040087	10.784926076124622	0.08825851253985673
