file	merge	types	tokens	TTR	entropy	redundancy
laj-x-bible.txt.clean.txt	6000	2046	24799	0.08250332674704625	8.843887837821248	0.19590715789332047
laj-x-bible.txt.clean.txt	7000	2046	24799	0.08250332674704625	8.843887837821248	0.19590715789332047
laj-x-bible.txt.clean.txt	8000	2046	24799	0.08250332674704625	8.843887837821248	0.19590715789332047
laj-x-bible.txt.clean.txt	9000	2046	24799	0.08250332674704625	8.843887837821248	0.19590715789332047
laj-x-bible.txt.clean.txt	10000	2046	24799	0.08250332674704625	8.843887837821248	0.19590715789332047
