file	merge	types	tokens	TTR	entropy	redundancy
mig-x-bible.txt.clean.txt	6000	2821	28067	0.10050949513663733	8.947416671532475	0.2193837257326252
mig-x-bible.txt.clean.txt	7000	2821	28067	0.10050949513663733	8.947416671532475	0.2193837257326252
mig-x-bible.txt.clean.txt	8000	2821	28067	0.10050949513663733	8.947416671532475	0.2193837257326252
mig-x-bible.txt.clean.txt	9000	2821	28067	0.10050949513663733	8.947416671532475	0.2193837257326252
mig-x-bible.txt.clean.txt	10000	2821	28067	0.10050949513663733	8.947416671532475	0.2193837257326252
