file	merge	types	tokens	TTR	entropy	redundancy
mya-x-bible-common.txt.clean.txt	6000	5368	29305	0.18317693226411874	10.965227429507882	0.11500581886570993
mya-x-bible-common.txt.clean.txt	7000	5926	27785	0.21328054705776497	11.084737376427158	0.11554485640824586
mya-x-bible-common.txt.clean.txt	8000	5926	27785	0.21328054705776497	11.084737376427158	0.11554485640824586
mya-x-bible-common.txt.clean.txt	9000	5926	27785	0.21328054705776497	11.084737376427158	0.11554485640824586
mya-x-bible-common.txt.clean.txt	10000	5926	27785	0.21328054705776497	11.084737376427158	0.11554485640824586
