file	merge	types	tokens	TTR	entropy	redundancy
mzh-x-bible.txt.clean.txt	6000	2658	27703	0.09594628740569613	8.533244444188101	0.24989887574269753
mzh-x-bible.txt.clean.txt	7000	2658	27703	0.09594628740569613	8.533244444188101	0.24989887574269753
mzh-x-bible.txt.clean.txt	8000	2658	27703	0.09594628740569613	8.533244444188101	0.24989887574269753
mzh-x-bible.txt.clean.txt	9000	2658	27703	0.09594628740569613	8.533244444188101	0.24989887574269753
mzh-x-bible.txt.clean.txt	10000	2658	27703	0.09594628740569613	8.533244444188101	0.24989887574269753
