file	merge	types	tokens	TTR	entropy	redundancy
naq-x-bible.txt.clean.txt	6000	2517	27413	0.09181775070222158	8.677816363442389	0.23188099776055393
naq-x-bible.txt.clean.txt	7000	2517	27413	0.09181775070222158	8.677816363442389	0.23188099776055393
naq-x-bible.txt.clean.txt	8000	2517	27413	0.09181775070222158	8.677816363442389	0.23188099776055393
naq-x-bible.txt.clean.txt	9000	2517	27413	0.09181775070222158	8.677816363442389	0.23188099776055393
naq-x-bible.txt.clean.txt	10000	2517	27413	0.09181775070222158	8.677816363442389	0.23188099776055393
