file	merge	types	tokens	TTR	entropy	redundancy
pes-x-bible-2007.txt.clean.txt	6000	2835	26744	0.10600508525276697	9.252575712916345	0.1932628475998075
pes-x-bible-2007.txt.clean.txt	7000	2835	26744	0.10600508525276697	9.252575712916345	0.1932628475998075
pes-x-bible-2007.txt.clean.txt	8000	2835	26744	0.10600508525276697	9.252575712916345	0.1932628475998075
pes-x-bible-2007.txt.clean.txt	9000	2835	26744	0.10600508525276697	9.252575712916345	0.1932628475998075
pes-x-bible-2007.txt.clean.txt	10000	2835	26744	0.10600508525276697	9.252575712916345	0.1932628475998075
