file	merge	types	tokens	TTR	entropy	redundancy
plt-x-bible-romancatholic.txt.clean.txt	6000	2605	25697	0.101373701210258	9.02988349502122	0.20420995380963547
plt-x-bible-romancatholic.txt.clean.txt	7000	2605	25697	0.101373701210258	9.02988349502122	0.20420995380963547
plt-x-bible-romancatholic.txt.clean.txt	8000	2605	25697	0.101373701210258	9.02988349502122	0.20420995380963547
plt-x-bible-romancatholic.txt.clean.txt	9000	2605	25697	0.101373701210258	9.02988349502122	0.20420995380963547
plt-x-bible-romancatholic.txt.clean.txt	10000	2605	25697	0.101373701210258	9.02988349502122	0.20420995380963547
