file	merge	types	tokens	TTR	entropy	redundancy
qvi-x-bible.txt.clean.txt	6000	3443	25881	0.133031953943047	10.268142559325248	0.1260746543496165
qvi-x-bible.txt.clean.txt	7000	3443	25881	0.133031953943047	10.268142559325248	0.1260746543496165
qvi-x-bible.txt.clean.txt	8000	3443	25881	0.133031953943047	10.268142559325248	0.1260746543496165
qvi-x-bible.txt.clean.txt	9000	3443	25881	0.133031953943047	10.268142559325248	0.1260746543496165
qvi-x-bible.txt.clean.txt	10000	3443	25881	0.133031953943047	10.268142559325248	0.1260746543496165
