file	merge	types	tokens	TTR	entropy	redundancy
rus-x-bible-kulakov.txt.clean.txt	6000	3595	25021	0.1436793093801207	10.002324454930749	0.15319047634499627
rus-x-bible-kulakov.txt.clean.txt	7000	3595	25021	0.1436793093801207	10.002324454930749	0.15319047634499627
rus-x-bible-kulakov.txt.clean.txt	8000	3595	25021	0.1436793093801207	10.002324454930749	0.15319047634499627
rus-x-bible-kulakov.txt.clean.txt	9000	3595	25021	0.1436793093801207	10.002324454930749	0.15319047634499627
rus-x-bible-kulakov.txt.clean.txt	10000	3595	25021	0.1436793093801207	10.002324454930749	0.15319047634499627
