file	merge	types	tokens	TTR	entropy	redundancy
sag-x-bible.txt.clean.txt	6000	867	36071	0.024035929139752155	6.763994604793024	0.30695982599257987
sag-x-bible.txt.clean.txt	7000	867	36071	0.024035929139752155	6.763994604793024	0.30695982599257987
sag-x-bible.txt.clean.txt	8000	867	36071	0.024035929139752155	6.763994604793024	0.30695982599257987
sag-x-bible.txt.clean.txt	9000	867	36071	0.024035929139752155	6.763994604793024	0.30695982599257987
sag-x-bible.txt.clean.txt	10000	867	36071	0.024035929139752155	6.763994604793024	0.30695982599257987
