file	merge	types	tokens	TTR	entropy	redundancy
spa-x-bible-reinavaleracontemporanea.txt.clean.txt	6000	2703	27103	0.09973065712282773	8.94675017062205	0.21522115817385568
spa-x-bible-reinavaleracontemporanea.txt.clean.txt	7000	2703	27103	0.09973065712282773	8.94675017062205	0.21522115817385568
spa-x-bible-reinavaleracontemporanea.txt.clean.txt	8000	2703	27103	0.09973065712282773	8.94675017062205	0.21522115817385568
spa-x-bible-reinavaleracontemporanea.txt.clean.txt	9000	2703	27103	0.09973065712282773	8.94675017062205	0.21522115817385568
spa-x-bible-reinavaleracontemporanea.txt.clean.txt	10000	2703	27103	0.09973065712282773	8.94675017062205	0.21522115817385568
