file	merge	types	tokens	TTR	entropy	redundancy
swh-x-bible-union1997.txt.clean.txt	6000	2892	20659	0.13998741468609321	9.996750046671336	0.130554977709456
swh-x-bible-union1997.txt.clean.txt	7000	2892	20659	0.13998741468609321	9.996750046671336	0.130554977709456
swh-x-bible-union1997.txt.clean.txt	8000	2892	20659	0.13998741468609321	9.996750046671336	0.130554977709456
swh-x-bible-union1997.txt.clean.txt	9000	2892	20659	0.13998741468609321	9.996750046671336	0.130554977709456
swh-x-bible-union1997.txt.clean.txt	10000	2892	20659	0.13998741468609321	9.996750046671336	0.130554977709456
