file	merge	types	tokens	TTR	entropy	redundancy
tgl-x-bible-1996.txt.clean.txt	6000	2671	28318	0.09432163288367823	8.693524752423738	0.23628223634728673
tgl-x-bible-1996.txt.clean.txt	7000	2671	28318	0.09432163288367823	8.693524752423738	0.23628223634728673
tgl-x-bible-1996.txt.clean.txt	8000	2671	28318	0.09432163288367823	8.693524752423738	0.23628223634728673
tgl-x-bible-1996.txt.clean.txt	9000	2671	28318	0.09432163288367823	8.693524752423738	0.23628223634728673
tgl-x-bible-1996.txt.clean.txt	10000	2671	28318	0.09432163288367823	8.693524752423738	0.23628223634728673
