file	merge	types	tokens	TTR	entropy	redundancy
tha-x-bible-standard2011.txt.clean.txt	6000	1861	32367	0.05749683319430284	8.525185790642716	0.2151266952443912
tha-x-bible-standard2011.txt.clean.txt	7000	1861	32367	0.05749683319430284	8.525185790642716	0.2151266952443912
tha-x-bible-standard2011.txt.clean.txt	8000	1861	32367	0.05749683319430284	8.525185790642716	0.2151266952443912
tha-x-bible-standard2011.txt.clean.txt	9000	1861	32367	0.05749683319430284	8.525185790642716	0.2151266952443912
tha-x-bible-standard2011.txt.clean.txt	10000	1861	32367	0.05749683319430284	8.525185790642716	0.2151266952443912
