file	merge	types	tokens	TTR	entropy	redundancy
tur-x-bible-2009.txt.clean.txt	6000	4140	21993	0.18824171327240485	10.908772172926547	0.09210192695260433
tur-x-bible-2009.txt.clean.txt	7000	4140	21993	0.18824171327240485	10.908772172926547	0.09210192695260433
tur-x-bible-2009.txt.clean.txt	8000	4140	21993	0.18824171327240485	10.908772172926547	0.09210192695260433
tur-x-bible-2009.txt.clean.txt	9000	4140	21993	0.18824171327240485	10.908772172926547	0.09210192695260433
tur-x-bible-2009.txt.clean.txt	10000	4140	21993	0.18824171327240485	10.908772172926547	0.09210192695260433
