file	merge	types	tokens	TTR	entropy	redundancy
vie-x-bible-2002.txt.clean.txt	6000	1579	26762	0.059001569389432774	8.872753290319103	0.1649012607178968
vie-x-bible-2002.txt.clean.txt	7000	1579	26762	0.059001569389432774	8.872753290319103	0.1649012607178968
vie-x-bible-2002.txt.clean.txt	8000	1579	26762	0.059001569389432774	8.872753290319103	0.1649012607178968
vie-x-bible-2002.txt.clean.txt	9000	1579	26762	0.059001569389432774	8.872753290319103	0.1649012607178968
vie-x-bible-2002.txt.clean.txt	10000	1579	26762	0.059001569389432774	8.872753290319103	0.1649012607178968
