file	merge	types	tokens	TTR	entropy	redundancy
xsu-x-bible.txt.clean.txt	6000	2234	59029	0.03784580460451643	7.512045120028951	0.32478508417156293
xsu-x-bible.txt.clean.txt	7000	2234	59029	0.03784580460451643	7.512045120028951	0.32478508417156293
xsu-x-bible.txt.clean.txt	8000	2234	59029	0.03784580460451643	7.512045120028951	0.32478508417156293
xsu-x-bible.txt.clean.txt	9000	2234	59029	0.03784580460451643	7.512045120028951	0.32478508417156293
xsu-x-bible.txt.clean.txt	10000	2234	59029	0.03784580460451643	7.512045120028951	0.32478508417156293
