file	merge	types	tokens	TTR	entropy	redundancy
yad-x-bible.txt.clean.txt	6000	4309	26099	0.1651021111919997	10.41033999778092	0.13772703254877394
yad-x-bible.txt.clean.txt	7000	4309	26099	0.1651021111919997	10.41033999778092	0.13772703254877394
yad-x-bible.txt.clean.txt	8000	4309	26099	0.1651021111919997	10.41033999778092	0.13772703254877394
yad-x-bible.txt.clean.txt	9000	4309	26099	0.1651021111919997	10.41033999778092	0.13772703254877394
yad-x-bible.txt.clean.txt	10000	4309	26099	0.1651021111919997	10.41033999778092	0.13772703254877394
