file	merge	types	tokens	TTR	entropy	redundancy
yaq-x-bible.txt.clean.txt	6000	3341	37142	0.08995207581713424	9.307076971704237	0.20493542841080703
yaq-x-bible.txt.clean.txt	7000	3341	37142	0.08995207581713424	9.307076971704237	0.20493542841080703
yaq-x-bible.txt.clean.txt	8000	3341	37142	0.08995207581713424	9.307076971704237	0.20493542841080703
yaq-x-bible.txt.clean.txt	9000	3341	37142	0.08995207581713424	9.307076971704237	0.20493542841080703
yaq-x-bible.txt.clean.txt	10000	3341	37142	0.08995207581713424	9.307076971704237	0.20493542841080703
